{
  "posts": [
    {
      "id": "1",
      "title": "a title",
      "views": 100
    },
    {
      "id": "2",
      "title": "another title",
      "views": 200
    },
    {
      "id": "6685",
      "title": "a title",
      "views": 100
    },
    {
      "id": "bc30",
      "title": "a title",
      "views": 100
    },
    {
      "id": "f967",
      "title": "1",
      "views": "1"
    },
    {
      "id": "cdff",
      "title": "1",
      "views": "1"
    },
    {
      "id": "8f91",
      "title": "1",
      "views": "1"
    },
    {
      "id": "6b55",
      "title": "1",
      "views": "1"
    },
    {
      "id": "e7ce",
      "title": "1",
      "views": "1"
    },
    {
      "id": "de9a",
      "title": "1",
      "views": "1"
    },
    {
      "id": "0930",
      "title": "1",
      "views": "1"
    },
    {
      "id": "14b9",
      "title": "1",
      "views": "1"
    },
    {
      "id": "7e26",
      "title": "1",
      "views": "1"
    },
    {
      "id": "176e",
      "title": "",
      "views": ""
    },
    {
      "id": "4a8a",
      "title": "",
      "views": ""
    },
    {
      "id": "d2ef",
      "title": "",
      "views": ""
    },
    {
      "id": "84a9",
      "title": "22",
      "views": "22"
    },
    {
      "id": "5626",
      "title": "22",
      "views": "22"
    },
    {
      "id": "7515",
      "title": "22",
      "views": "22"
    },
    {
      "id": "9a0a",
      "title": "22",
      "views": "22"
    },
    {
      "id": "ccf3",
      "title": "22",
      "views": "22"
    },
    {
      "id": "79fa",
      "title": "22",
      "views": "22"
    },
    {
      "id": "c2c2",
      "title": "22",
      "views": "22"
    },
    {
      "id": "a115",
      "title": "22",
      "views": "1653"
    },
    {
      "id": "2c3e",
      "title": "22",
      "views": "1653"
    },
    {
      "id": "34cc",
      "title": "22",
      "views": "1653"
    },
    {
      "id": "4c2d",
      "title": "22",
      "views": "1653"
    },
    {
      "id": "421e",
      "title": "",
      "views": ""
    },
    {
      "id": "d0bc",
      "title": "",
      "views": ""
    },
    {
      "id": "eec1",
      "title": "",
      "views": ""
    },
    {
      "id": "48bb",
      "title": "1",
      "views": ""
    },
    {
      "id": "c561",
      "title": "1",
      "views": ""
    },
    {
      "id": "9e90",
      "title": "2",
      "views": "2"
    },
    {
      "id": "6190",
      "title": "33",
      "views": "444"
    }
  ],
  "comments": [
    {
      "id": "1",
      "text": "a comment about post 1",
      "postId": "1"
    },
    {
      "id": "2",
      "text": "another comment about post 1",
      "postId": "1"
    }
  ],
  "profile": {
    "name": "typicode"
  }
}